"","LineID","LineNum_legacy","Transgene","Mutation","PlateSeries","DaysPostInfection","CellsPerWell","Media","WellsGrown","TrueWellsPlated","PE","PE_adjusted_cells"
"1","1_CSF2RB_WT_2",1,"CSF2RB","WT",1,2,1,"R10",0,96,0.6875,0.6875
"2","1_CSF2RB_WT_2",1,"CSF2RB","WT",1,2,100,"R10",0,24,0.6875,68.75
"3","1_CSF2RB_WT_2",1,"CSF2RB","WT",1,2,1000,"R10",0,24,0.6875,687.5
"4","1_CSF2RB_WT_2",1,"CSF2RB","WT",1,2,10000,"R10",1,48,0.6875,6875
"5","1_CSF2RB_WT_9",1,"CSF2RB","WT",2,9,1,"R10",0,96,0.697916666666667,0.697916666666667
"6","1_CSF2RB_WT_9",1,"CSF2RB","WT",2,9,100,"R10",0,24,0.697916666666667,69.7916666666667
"7","1_CSF2RB_WT_9",1,"CSF2RB","WT",2,9,1000,"R10",0,24,0.697916666666667,697.916666666667
"8","1_CSF2RB_WT_9",1,"CSF2RB","WT",2,9,10000,"R10",0,48,0.697916666666667,6979.16666666667
"9","11_CSF2RB_WT_2",11,"CSF2RB","WT",3,2,1,"R10",0,96,0.635416666666667,0.635416666666667
"10","12_CSF2RB_R461C_2",12,"CSF2RB","R461C",3,2,1,"R10",0,96,0.583333333333333,0.583333333333333
"11","12_CSF2RB_R461C_2",12,"CSF2RB","R461C",3,2,100,"R10",0,24,0.583333333333333,58.3333333333333
"12","12_CSF2RB_R461C_2",12,"CSF2RB","R461C",3,2,1000,"R10",0,24,0.583333333333333,583.333333333333
"13","12_CSF2RB_R461C_2",12,"CSF2RB","R461C",3,2,10000,"R10",13,46,0.583333333333333,5833.33333333333
"14","13_CSF3R_WT_2",13,"CSF3R","WT",3,2,1,"R10",0,96,0.71875,0.71875
"15","13_CSF3R_WT_2",13,"CSF3R","WT",3,2,100,"R10",3,24,0.71875,71.875
"16","13_CSF3R_WT_2",13,"CSF3R","WT",3,2,1000,"R10",21,24,0.71875,718.75
"17","13_CSF3R_WT_2",13,"CSF3R","WT",3,2,10000,"R10",48,48,0.71875,7187.5
"18","13_CSF3R_WT_9",13,"CSF3R","WT",4,9,1,"R10",0,96,0.59375,0.59375
"19","13_CSF3R_WT_9",13,"CSF3R","WT",4,9,100,"R10",6,24,0.59375,59.375
"20","13_CSF3R_WT_9",13,"CSF3R","WT",4,9,1000,"R10",21,24,0.59375,593.75
"21","13_CSF3R_WT_9",13,"CSF3R","WT",4,9,10000,"R10",48,48,0.59375,5937.5
"22","14_CSF3R_T618I_2",14,"CSF3R","T618I",3,2,1,"R10",33,96,0.4375,0.4375
"23","14_CSF3R_T618I_2",14,"CSF3R","T618I",3,2,100,"R10",24,24,0.4375,43.75
"24","14_CSF3R_T618I_2",14,"CSF3R","T618I",3,2,1000,"R10",24,24,0.4375,437.5
"25","14_CSF3R_T618I_2",14,"CSF3R","T618I",3,2,10000,"R10",48,48,0.4375,4375
"26","14_CSF3R_T618I_9",14,"CSF3R","T618I",4,9,1,"R10",48,96,0.489583333333333,0.489583333333333
"27","14_CSF3R_T618I_9",14,"CSF3R","T618I",4,9,100,"R10",24,24,0.489583333333333,48.9583333333333
"28","14_CSF3R_T618I_9",14,"CSF3R","T618I",4,9,1000,"R10",24,24,0.489583333333333,489.583333333333
"29","14_CSF3R_T618I_9",14,"CSF3R","T618I",4,9,10000,"R10",48,48,0.489583333333333,4895.83333333333
"30","15_CSF3R_W791X_2",15,"CSF3R","W791X",3,2,1,"R10",0,96,0.645833333333333,0.645833333333333
"31","15_CSF3R_W791X_2",15,"CSF3R","W791X",3,2,100,"R10",3,24,0.645833333333333,64.5833333333333
"32","15_CSF3R_W791X_2",15,"CSF3R","W791X",3,2,1000,"R10",19,24,0.645833333333333,645.833333333333
"33","15_CSF3R_W791X_2",15,"CSF3R","W791X",3,2,10000,"R10",48,48,0.645833333333333,6458.33333333333
"34","15_CSF3R_W791X_9",15,"CSF3R","W791X",4,9,1,"R10",1,96,0.770833333333333,0.770833333333333
"35","15_CSF3R_W791X_9",15,"CSF3R","W791X",4,9,100,"R10",11,24,0.770833333333333,77.0833333333333
"36","15_CSF3R_W791X_9",15,"CSF3R","W791X",4,9,1000,"R10",24,24,0.770833333333333,770.833333333333
"37","15_CSF3R_W791X_9",15,"CSF3R","W791X",4,9,10000,"R10",48,48,0.770833333333333,7708.33333333333
"38","16_IL7R_WT_2",16,"IL7R","WT",3,2,1,"R10",0,96,0.46875,0.46875
"39","16_IL7R_WT_2",16,"IL7R","WT",3,2,100,"R10",0,24,0.46875,46.875
"40","16_IL7R_WT_2",16,"IL7R","WT",3,2,1000,"R10",0,24,0.46875,468.75
"41","16_IL7R_WT_2",16,"IL7R","WT",3,2,10000,"R10",0,48,0.46875,4687.5
"42","16_IL7R_WT_9",16,"IL7R","WT",4,9,1,"R10",0,96,0.697916666666667,0.697916666666667
"43","16_IL7R_WT_9",16,"IL7R","WT",4,9,100,"R10",0,24,0.697916666666667,69.7916666666667
"44","16_IL7R_WT_9",16,"IL7R","WT",4,9,1000,"R10",0,24,0.697916666666667,697.916666666667
"45","16_IL7R_WT_9",16,"IL7R","WT",4,9,10000,"R10",0,48,0.697916666666667,6979.16666666667
"46","17_IL7R_243InsPPCL_2",17,"IL7R","243InsPPCL",3,2,1,"R10",0,96,0.625,0.625
"47","17_IL7R_243InsPPCL_2",17,"IL7R","243InsPPCL",3,2,100,"R10",13,24,0.625,62.5
"48","17_IL7R_243InsPPCL_2",17,"IL7R","243InsPPCL",3,2,1000,"R10",24,24,0.625,625
"49","17_IL7R_243InsPPCL_2",17,"IL7R","243InsPPCL",3,2,10000,"R10",48,48,0.625,6250
"50","17_IL7R_243InsPPCL_9",17,"IL7R","243InsPPCL",4,9,1,"R10",0,96,0.572916666666667,0.572916666666667
"51","17_IL7R_243InsPPCL_9",17,"IL7R","243InsPPCL",4,9,100,"R10",22,24,0.572916666666667,57.2916666666667
"52","17_IL7R_243InsPPCL_9",17,"IL7R","243InsPPCL",4,9,1000,"R10",24,24,0.572916666666667,572.916666666667
"53","17_IL7R_243InsPPCL_9",17,"IL7R","243InsPPCL",4,9,10000,"R10",48,48,0.572916666666667,5729.16666666667
"54","18_Vector_Empty_2",18,"Vector","Empty",3,2,1,"R10",0,96,0.697916666666667,0.697916666666667
"55","18_Vector_Empty_2",18,"Vector","Empty",3,2,100,"R10",0,24,0.697916666666667,69.7916666666667
"56","18_Vector_Empty_2",18,"Vector","Empty",3,2,1000,"R10",0,24,0.697916666666667,697.916666666667
"57","18_Vector_Empty_2",18,"Vector","Empty",3,2,10000,"R10",1,48,0.697916666666667,6979.16666666667
"58","18_Vector_Empty_9",18,"Vector","Empty",4,9,1,"R10",0,96,0.625,0.625
"59","18_Vector_Empty_9",18,"Vector","Empty",4,9,100,"R10",0,24,0.625,62.5
"60","18_Vector_Empty_9",18,"Vector","Empty",4,9,1000,"R10",0,24,0.625,625
"61","18_Vector_Empty_9",18,"Vector","Empty",4,9,10000,"R10",20,48,0.625,6250
"62","19_P210_Fusion_2",19,"P210","Fusion",3,2,1,"R10",61,96,0.729166666666667,0.729166666666667
"63","19_P210_Fusion_2",19,"P210","Fusion",3,2,100,"R10",24,24,0.729166666666667,72.9166666666667
"64","19_P210_Fusion_2",19,"P210","Fusion",3,2,1000,"R10",24,24,0.729166666666667,729.166666666667
"65","19_P210_Fusion_9",19,"P210","Fusion",4,9,1,"R10",55,96,0.635416666666667,0.635416666666667
"66","19_P210_Fusion_9",19,"P210","Fusion",4,9,100,"R10",24,24,0.635416666666667,63.5416666666667
"67","19_P210_Fusion_9",19,"P210","Fusion",4,9,1000,"R10",24,24,0.635416666666667,635.416666666667
"68","19_P210_Fusion_9",19,"P210","Fusion",4,9,10000,"R10",48,48,0.635416666666667,6354.16666666667
"69","2_CSF2RB_R461C_2",2,"CSF2RB","R461C",1,2,1,"R10",0,96,0.46875,0.46875
"70","2_CSF2RB_R461C_2",2,"CSF2RB","R461C",1,2,100,"R10",0,24,0.46875,46.875
"71","2_CSF2RB_R461C_2",2,"CSF2RB","R461C",1,2,1000,"R10",0,24,0.46875,468.75
"72","2_CSF2RB_R461C_2",2,"CSF2RB","R461C",1,2,10000,"R10",1,45,0.46875,4687.5
"73","2_CSF2RB_R461C_9",2,"CSF2RB","R461C",2,9,1,"R10",0,96,0.65625,0.65625
"74","2_CSF2RB_R461C_9",2,"CSF2RB","R461C",2,9,100,"R10",0,24,0.65625,65.625
"75","2_CSF2RB_R461C_9",2,"CSF2RB","R461C",2,9,1000,"R10",0,24,0.65625,656.25
"76","2_CSF2RB_R461C_9",2,"CSF2RB","R461C",2,9,10000,"R10",7,48,0.65625,6562.5
"77","21_CSF2RB_WT_2",21,"CSF2RB","WT",5,2,1,"R10",0,96,0.75,0.75
"78","21_CSF2RB_WT_2",21,"CSF2RB","WT",5,2,100,"R10",0,24,0.75,75
"79","21_CSF2RB_WT_2",21,"CSF2RB","WT",5,2,1000,"R10",0,24,0.75,750
"80","21_CSF2RB_WT_2",21,"CSF2RB","WT",5,2,10000,"R10",3,48,0.75,7500
"81","21_CSF2RB_WT_9",21,"CSF2RB","WT",6,9,1,"R10",0,96,0.645833333333333,0.645833333333333
"82","21_CSF2RB_WT_9",21,"CSF2RB","WT",6,9,100,"R10",0,24,0.645833333333333,64.5833333333333
"83","21_CSF2RB_WT_9",21,"CSF2RB","WT",6,9,1000,"R10",0,24,0.645833333333333,645.833333333333
"84","21_CSF2RB_WT_9",21,"CSF2RB","WT",6,9,10000,"R10",0,48,0.645833333333333,6458.33333333333
"85","22_CSF2RB_R461C_2",22,"CSF2RB","R461C",5,2,1,"R10",0,96,0.677083333333333,0.677083333333333
"86","22_CSF2RB_R461C_2",22,"CSF2RB","R461C",5,2,100,"R10",0,24,0.677083333333333,67.7083333333333
"87","22_CSF2RB_R461C_2",22,"CSF2RB","R461C",5,2,1000,"R10",1,24,0.677083333333333,677.083333333333
"88","22_CSF2RB_R461C_2",22,"CSF2RB","R461C",5,2,10000,"R10",23,48,0.677083333333333,6770.83333333333
"89","22_CSF2RB_R461C_9",22,"CSF2RB","R461C",6,9,1,"R10",0,96,0.71875,0.71875
"90","22_CSF2RB_R461C_9",22,"CSF2RB","R461C",6,9,100,"R10",0,24,0.71875,71.875
"91","22_CSF2RB_R461C_9",22,"CSF2RB","R461C",6,9,1000,"R10",1,24,0.71875,718.75
"92","22_CSF2RB_R461C_9",22,"CSF2RB","R461C",6,9,10000,"R10",7,48,0.71875,7187.5
"93","23_CSF3R_WT_2",23,"CSF3R","WT",5,2,1,"R10",1,96,0.552083333333333,0.552083333333333
"94","23_CSF3R_WT_2",23,"CSF3R","WT",5,2,100,"R10",1,24,0.552083333333333,55.2083333333333
"95","23_CSF3R_WT_2",23,"CSF3R","WT",5,2,1000,"R10",18,24,0.552083333333333,552.083333333333
"96","23_CSF3R_WT_2",23,"CSF3R","WT",5,2,10000,"R10",48,48,0.552083333333333,5520.83333333333
"97","23_CSF3R_WT_9",23,"CSF3R","WT",6,9,1,"R10",0,96,0.677083333333333,0.677083333333333
"98","23_CSF3R_WT_9",23,"CSF3R","WT",6,9,100,"R10",0,24,0.677083333333333,67.7083333333333
"99","23_CSF3R_WT_9",23,"CSF3R","WT",6,9,1000,"R10",15,24,0.677083333333333,677.083333333333
"100","23_CSF3R_WT_9",23,"CSF3R","WT",6,9,10000,"R10",48,48,0.677083333333333,6770.83333333333
"101","24_CSF3R_T618I_2",24,"CSF3R","T618I",5,2,1,"R10",55,96,0.645833333333333,0.645833333333333
"102","24_CSF3R_T618I_2",24,"CSF3R","T618I",5,2,100,"R10",24,24,0.645833333333333,64.5833333333333
"103","24_CSF3R_T618I_2",24,"CSF3R","T618I",5,2,1000,"R10",24,24,0.645833333333333,645.833333333333
"104","24_CSF3R_T618I_2",24,"CSF3R","T618I",5,2,10000,"R10",48,48,0.645833333333333,6458.33333333333
"105","24_CSF3R_T618I_9",24,"CSF3R","T618I",6,9,1,"R10",28,96,0.479166666666667,0.479166666666667
"106","24_CSF3R_T618I_9",24,"CSF3R","T618I",6,9,100,"R10",24,24,0.479166666666667,47.9166666666667
"107","24_CSF3R_T618I_9",24,"CSF3R","T618I",6,9,1000,"R10",24,24,0.479166666666667,479.166666666667
"108","24_CSF3R_T618I_9",24,"CSF3R","T618I",6,9,10000,"R10",48,48,0.479166666666667,4791.66666666667
"109","25_CSF3R_W791X_2",25,"CSF3R","W791X",5,2,1,"R10",0,96,0.78125,0.78125
"110","25_CSF3R_W791X_2",25,"CSF3R","W791X",5,2,100,"R10",3,24,0.78125,78.125
"111","25_CSF3R_W791X_2",25,"CSF3R","W791X",5,2,1000,"R10",23,24,0.78125,781.25
"112","25_CSF3R_W791X_2",25,"CSF3R","W791X",5,2,10000,"R10",48,48,0.78125,7812.5
"113","25_CSF3R_W791X_9",25,"CSF3R","W791X",6,9,1,"R10",0,96,0.604166666666667,0.604166666666667
"114","25_CSF3R_W791X_9",25,"CSF3R","W791X",6,9,100,"R10",3,24,0.604166666666667,60.4166666666667
"115","25_CSF3R_W791X_9",25,"CSF3R","W791X",6,9,1000,"R10",24,24,0.604166666666667,604.166666666667
"116","25_CSF3R_W791X_9",25,"CSF3R","W791X",6,9,10000,"R10",48,48,0.604166666666667,6041.66666666667
"117","26_IL7R_WT_2",26,"IL7R","WT",5,2,1,"R10",0,96,0.5,0.5
"118","26_IL7R_WT_2",26,"IL7R","WT",5,2,100,"R10",0,24,0.5,50
"119","26_IL7R_WT_2",26,"IL7R","WT",5,2,1000,"R10",0,24,0.5,500
"120","26_IL7R_WT_2",26,"IL7R","WT",5,2,10000,"R10",1,48,0.5,5000
"121","26_IL7R_WT_9",26,"IL7R","WT",6,9,1,"R10",0,96,0.583333333333333,0.583333333333333
"122","26_IL7R_WT_9",26,"IL7R","WT",6,9,100,"R10",0,24,0.583333333333333,58.3333333333333
"123","26_IL7R_WT_9",26,"IL7R","WT",6,9,1000,"R10",0,24,0.583333333333333,583.333333333333
"124","26_IL7R_WT_9",26,"IL7R","WT",6,9,10000,"R10",0,48,0.583333333333333,5833.33333333333
"125","27_IL7R_243InsPPCL_2",27,"IL7R","243InsPPCL",5,2,1,"R10",5,96,0.5625,0.5625
"126","27_IL7R_243InsPPCL_2",27,"IL7R","243InsPPCL",5,2,100,"R10",24,24,0.5625,56.25
"127","27_IL7R_243InsPPCL_2",27,"IL7R","243InsPPCL",5,2,1000,"R10",24,24,0.5625,562.5
"128","27_IL7R_243InsPPCL_2",27,"IL7R","243InsPPCL",5,2,10000,"R10",48,48,0.5625,5625
"129","27_IL7R_243InsPPCL_9",27,"IL7R","243InsPPCL",6,9,1,"R10",0,96,0.46875,0.46875
"130","27_IL7R_243InsPPCL_9",27,"IL7R","243InsPPCL",6,9,100,"R10",2,24,0.46875,46.875
"131","27_IL7R_243InsPPCL_9",27,"IL7R","243InsPPCL",6,9,1000,"R10",22,24,0.46875,468.75
"132","27_IL7R_243InsPPCL_9",27,"IL7R","243InsPPCL",6,9,10000,"R10",48,48,0.46875,4687.5
"133","28_Vector_Empty_2",28,"Vector","Empty",5,2,1,"R10",0,96,0.447916666666667,0.447916666666667
"134","28_Vector_Empty_2",28,"Vector","Empty",5,2,100,"R10",0,24,0.447916666666667,44.7916666666667
"135","28_Vector_Empty_2",28,"Vector","Empty",5,2,1000,"R10",0,24,0.447916666666667,447.916666666667
"136","28_Vector_Empty_2",28,"Vector","Empty",5,2,10000,"R10",0,48,0.447916666666667,4479.16666666667
"137","28_Vector_Empty_9",28,"Vector","Empty",6,9,1,"R10",0,96,0.802083333333333,0.802083333333333
"138","28_Vector_Empty_9",28,"Vector","Empty",6,9,100,"R10",0,24,0.802083333333333,80.2083333333333
"139","28_Vector_Empty_9",28,"Vector","Empty",6,9,1000,"R10",0,24,0.802083333333333,802.083333333333
"140","28_Vector_Empty_9",28,"Vector","Empty",6,9,10000,"R10",0,48,0.802083333333333,8020.83333333333
"141","29_P210_Fusion_2",29,"P210","Fusion",5,2,1,"R10",23,96,0.479166666666667,0.479166666666667
"142","29_P210_Fusion_2",29,"P210","Fusion",5,2,100,"R10",24,24,0.479166666666667,47.9166666666667
"143","29_P210_Fusion_2",29,"P210","Fusion",5,2,1000,"R10",24,24,0.479166666666667,479.166666666667
"144","29_P210_Fusion_9",29,"P210","Fusion",6,9,1,"R10",19,96,0.270833333333333,0.270833333333333
"145","29_P210_Fusion_9",29,"P210","Fusion",6,9,100,"R10",24,24,0.270833333333333,27.0833333333333
"146","29_P210_Fusion_9",29,"P210","Fusion",6,9,1000,"R10",24,24,0.270833333333333,270.833333333333
"147","29_P210_Fusion_9",29,"P210","Fusion",6,9,10000,"R10",48,48,0.270833333333333,2708.33333333333
"148","3_CSF3R_WT_2",3,"CSF3R","WT",1,2,1,"R10",0,96,0.708333333333333,0.708333333333333
"149","3_CSF3R_WT_2",3,"CSF3R","WT",1,2,100,"R10",0,24,0.708333333333333,70.8333333333333
"150","3_CSF3R_WT_2",3,"CSF3R","WT",1,2,1000,"R10",1,24,0.708333333333333,708.333333333333
"151","3_CSF3R_WT_2",3,"CSF3R","WT",1,2,10000,"R10",31,46,0.708333333333333,7083.33333333333
"152","3_CSF3R_WT_9",3,"CSF3R","WT",2,9,1,"R10",0,96,0.729166666666667,0.729166666666667
"153","3_CSF3R_WT_9",3,"CSF3R","WT",2,9,100,"R10",0,24,0.729166666666667,72.9166666666667
"154","3_CSF3R_WT_9",3,"CSF3R","WT",2,9,1000,"R10",8,24,0.729166666666667,729.166666666667
"155","3_CSF3R_WT_9",3,"CSF3R","WT",2,9,10000,"R10",48,48,0.729166666666667,7291.66666666667
"156","4_CSF3R_T618I_2",4,"CSF3R","T618I",1,2,1,"R10",13,96,0.53125,0.53125
"157","4_CSF3R_T618I_2",4,"CSF3R","T618I",1,2,100,"R10",21,24,0.53125,53.125
"158","4_CSF3R_T618I_2",4,"CSF3R","T618I",1,2,1000,"R10",24,24,0.53125,531.25
"159","4_CSF3R_T618I_9",4,"CSF3R","T618I",2,9,1,"R10",29,96,0.427083333333333,0.427083333333333
"160","4_CSF3R_T618I_9",4,"CSF3R","T618I",2,9,100,"R10",24,24,0.427083333333333,42.7083333333333
"161","4_CSF3R_T618I_9",4,"CSF3R","T618I",2,9,1000,"R10",24,24,0.427083333333333,427.083333333333
"162","4_CSF3R_T618I_9",4,"CSF3R","T618I",2,9,10000,"R10",48,48,0.427083333333333,4270.83333333333
"163","5_CSF3R_W791X_2",5,"CSF3R","W791X",1,2,1,"R10",0,96,0.645833333333333,0.645833333333333
"164","5_CSF3R_W791X_2",5,"CSF3R","W791X",1,2,100,"R10",0,24,0.645833333333333,64.5833333333333
"165","5_CSF3R_W791X_2",5,"CSF3R","W791X",1,2,1000,"R10",0,24,0.645833333333333,645.833333333333
"166","5_CSF3R_W791X_2",5,"CSF3R","W791X",1,2,10000,"R10",47,48,0.645833333333333,6458.33333333333
"167","5_CSF3R_W791X_9",5,"CSF3R","W791X",2,9,1,"R10",0,96,0.583333333333333,0.583333333333333
"168","5_CSF3R_W791X_9",5,"CSF3R","W791X",2,9,100,"R10",4,24,0.583333333333333,58.3333333333333
"169","5_CSF3R_W791X_9",5,"CSF3R","W791X",2,9,1000,"R10",22,24,0.583333333333333,583.333333333333
"170","5_CSF3R_W791X_9",5,"CSF3R","W791X",2,9,10000,"R10",48,48,0.583333333333333,5833.33333333333
"171","6_IL7R_WT_2",6,"IL7R","WT",1,2,1,"R10",0,96,0.802083333333333,0.802083333333333
"172","6_IL7R_WT_2",6,"IL7R","WT",1,2,100,"R10",0,24,0.802083333333333,80.2083333333333
"173","6_IL7R_WT_2",6,"IL7R","WT",1,2,1000,"R10",0,24,0.802083333333333,802.083333333333
"174","6_IL7R_WT_2",6,"IL7R","WT",1,2,10000,"R10",0,47,0.802083333333333,8020.83333333333
"175","6_IL7R_WT_9",6,"IL7R","WT",2,9,1,"R10",0,96,0.78125,0.78125
"176","6_IL7R_WT_9",6,"IL7R","WT",2,9,100,"R10",0,24,0.78125,78.125
"177","6_IL7R_WT_9",6,"IL7R","WT",2,9,1000,"R10",0,24,0.78125,781.25
"178","6_IL7R_WT_9",6,"IL7R","WT",2,9,10000,"R10",0,48,0.78125,7812.5
"179","7_IL7R_243InsPPCL_2",7,"IL7R","243InsPPCL",1,2,1,"R10",0,96,0.6875,0.6875
"180","7_IL7R_243InsPPCL_2",7,"IL7R","243InsPPCL",1,2,100,"R10",0,24,0.6875,68.75
"181","7_IL7R_243InsPPCL_2",7,"IL7R","243InsPPCL",1,2,1000,"R10",0,24,0.6875,687.5
"182","7_IL7R_243InsPPCL_2",7,"IL7R","243InsPPCL",1,2,10000,"R10",47,48,0.6875,6875
"183","7_IL7R_243InsPPCL_9",7,"IL7R","243InsPPCL",2,9,1,"R10",0,96,0.677083333333333,0.677083333333333
"184","7_IL7R_243InsPPCL_9",7,"IL7R","243InsPPCL",2,9,100,"R10",0,24,0.677083333333333,67.7083333333333
"185","7_IL7R_243InsPPCL_9",7,"IL7R","243InsPPCL",2,9,1000,"R10",1,24,0.677083333333333,677.083333333333
"186","7_IL7R_243InsPPCL_9",7,"IL7R","243InsPPCL",2,9,10000,"R10",36,48,0.677083333333333,6770.83333333333
"187","8_Vector_Empty_2",8,"Vector","Empty",1,2,1,"R10",0,96,0.59375,0.59375
"188","8_Vector_Empty_2",8,"Vector","Empty",1,2,100,"R10",0,24,0.59375,59.375
"189","8_Vector_Empty_2",8,"Vector","Empty",1,2,1000,"R10",0,24,0.59375,593.75
"190","8_Vector_Empty_2",8,"Vector","Empty",1,2,10000,"R10",0,48,0.59375,5937.5
"191","8_Vector_Empty_9",8,"Vector","Empty",2,9,1,"R10",0,96,0.6875,0.6875
"192","8_Vector_Empty_9",8,"Vector","Empty",2,9,100,"R10",0,24,0.6875,68.75
"193","8_Vector_Empty_9",8,"Vector","Empty",2,9,1000,"R10",0,24,0.6875,687.5
"194","8_Vector_Empty_9",8,"Vector","Empty",2,9,10000,"R10",0,48,0.6875,6875
"195","9_P210_Fusion_2",9,"P210","Fusion",1,2,1,"R10",27,96,0.510416666666667,0.510416666666667
"196","9_P210_Fusion_2",9,"P210","Fusion",1,2,100,"R10",24,24,0.510416666666667,51.0416666666667
"197","9_P210_Fusion_2",9,"P210","Fusion",1,2,1000,"R10",24,24,0.510416666666667,510.416666666667
"198","9_P210_Fusion_9",9,"P210","Fusion",2,9,1,"R10",46,96,0.59375,0.59375
"199","9_P210_Fusion_9",9,"P210","Fusion",2,9,100,"R10",24,24,0.59375,59.375
"200","9_P210_Fusion_9",9,"P210","Fusion",2,9,1000,"R10",24,24,0.59375,593.75
"201","9_P210_Fusion_9",9,"P210","Fusion",2,9,10000,"R10",48,48,0.59375,5937.5
