"","LineID","LineNum_legacy","Transgene","Mutation","PlateSeries","DaysPostInfection","CellsPerWell","Media","WellsGrown","TrueWellsPlated","Estimate","PE_adjusted_cells"
"1","1_CSF2RB_WT_2",1,"CSF2RB","WT",1,2,100,"R10",0,24,1,100
"2","1_CSF2RB_WT_2",1,"CSF2RB","WT",1,2,1000,"R10",0,24,1,1000
"3","1_CSF2RB_WT_2",1,"CSF2RB","WT",1,2,10000,"R10",1,48,1,10000
"4","1_CSF2RB_WT_2",1,"CSF2RB","WT",1,2,1,"R10",0,96,1,1
"5","1_CSF2RB_WT_9",1,"CSF2RB","WT",2,9,1,"R10",0,96,1,1
"6","1_CSF2RB_WT_9",1,"CSF2RB","WT",2,9,100,"R10",0,24,1,100
"7","1_CSF2RB_WT_9",1,"CSF2RB","WT",2,9,1000,"R10",0,24,1,1000
"8","1_CSF2RB_WT_9",1,"CSF2RB","WT",2,9,10000,"R10",0,48,1,10000
"9","13_CSF3R_WT_2",13,"CSF3R","WT",3,2,1,"R10",0,96,1,1
"10","13_CSF3R_WT_2",13,"CSF3R","WT",3,2,100,"R10",3,24,1,100
"11","13_CSF3R_WT_2",13,"CSF3R","WT",3,2,1000,"R10",21,24,1,1000
"12","13_CSF3R_WT_2",13,"CSF3R","WT",3,2,10000,"R10",48,48,1,10000
"13","13_CSF3R_WT_9",13,"CSF3R","WT",4,9,1,"R10",0,96,1.11014091537586,0.90078654533819
"14","13_CSF3R_WT_9",13,"CSF3R","WT",4,9,100,"R10",6,24,1.11014091537586,90.078654533819
"15","13_CSF3R_WT_9",13,"CSF3R","WT",4,9,1000,"R10",21,24,1.11014091537586,900.78654533819
"16","13_CSF3R_WT_9",13,"CSF3R","WT",4,9,10000,"R10",48,48,1.11014091537586,9007.8654533819
"17","14_CSF3R_T618I_2",14,"CSF3R","T618I",3,2,1,"R10",33,96,1.7380297483911,0.575364144903562
"18","14_CSF3R_T618I_2",14,"CSF3R","T618I",3,2,100,"R10",24,24,1.7380297483911,57.5364144903562
"19","14_CSF3R_T618I_2",14,"CSF3R","T618I",3,2,1000,"R10",24,24,1.7380297483911,575.364144903562
"20","14_CSF3R_T618I_2",14,"CSF3R","T618I",3,2,10000,"R10",48,48,1.7380297483911,5753.64144903562
"21","14_CSF3R_T618I_9",14,"CSF3R","T618I",4,9,1,"R10",48,96,1.48692717414006,0.67252789335721
"22","14_CSF3R_T618I_9",14,"CSF3R","T618I",4,9,100,"R10",24,24,1.48692717414006,67.252789335721
"23","14_CSF3R_T618I_9",14,"CSF3R","T618I",4,9,1000,"R10",24,24,1.48692717414006,672.52789335721
"24","14_CSF3R_T618I_9",14,"CSF3R","T618I",4,9,10000,"R10",48,48,1.48692717414006,6725.2789335721
"25","15_CSF3R_W791X_2",15,"CSF3R","W791X",3,2,1,"R10",0,96,1,1
"26","15_CSF3R_W791X_2",15,"CSF3R","W791X",3,2,100,"R10",3,24,1,100
"27","15_CSF3R_W791X_2",15,"CSF3R","W791X",3,2,1000,"R10",19,24,1,1000
"28","15_CSF3R_W791X_2",15,"CSF3R","W791X",3,2,10000,"R10",48,48,1,10000
"29","15_CSF3R_W791X_9",15,"CSF3R","W791X",4,9,1,"R10",1,96,1,1
"30","15_CSF3R_W791X_9",15,"CSF3R","W791X",4,9,100,"R10",11,24,1,100
"31","15_CSF3R_W791X_9",15,"CSF3R","W791X",4,9,1000,"R10",24,24,1,1000
"32","15_CSF3R_W791X_9",15,"CSF3R","W791X",4,9,10000,"R10",48,48,1,10000
"33","16_IL7R_WT_2",16,"IL7R","WT",3,2,1,"R10",0,96,1.5809712810662,0.63252255874351
"34","16_IL7R_WT_2",16,"IL7R","WT",3,2,100,"R10",0,24,1.5809712810662,63.252255874351
"35","16_IL7R_WT_2",16,"IL7R","WT",3,2,1000,"R10",0,24,1.5809712810662,632.52255874351
"36","16_IL7R_WT_2",16,"IL7R","WT",3,2,10000,"R10",0,48,1.5809712810662,6325.2255874351
"37","16_IL7R_WT_9",16,"IL7R","WT",4,9,1,"R10",0,96,1,1
"38","16_IL7R_WT_9",16,"IL7R","WT",4,9,100,"R10",0,24,1,100
"39","16_IL7R_WT_9",16,"IL7R","WT",4,9,1000,"R10",0,24,1,1000
"40","16_IL7R_WT_9",16,"IL7R","WT",4,9,10000,"R10",0,48,1,10000
"41","17_IL7R_243InsPPCL_2",17,"IL7R","243InsPPCL",3,2,1,"R10",0,96,1.01954544782327,0.980829253011726
"42","17_IL7R_243InsPPCL_2",17,"IL7R","243InsPPCL",3,2,100,"R10",13,24,1.01954544782327,98.0829253011726
"43","17_IL7R_243InsPPCL_2",17,"IL7R","243InsPPCL",3,2,1000,"R10",24,24,1.01954544782327,980.829253011726
"44","17_IL7R_243InsPPCL_2",17,"IL7R","243InsPPCL",3,2,10000,"R10",48,48,1.01954544782327,9808.29253011726
"45","17_IL7R_243InsPPCL_9",17,"IL7R","243InsPPCL",4,9,1,"R10",0,96,1.17539734707288,0.850776124763528
"46","17_IL7R_243InsPPCL_9",17,"IL7R","243InsPPCL",4,9,100,"R10",22,24,1.17539734707288,85.0776124763528
"47","17_IL7R_243InsPPCL_9",17,"IL7R","243InsPPCL",4,9,1000,"R10",24,24,1.17539734707288,850.776124763528
"48","17_IL7R_243InsPPCL_9",17,"IL7R","243InsPPCL",4,9,10000,"R10",48,48,1.17539734707288,8507.76124763528
"49","18_Vector_Empty_2",18,"Vector","Empty",3,2,1,"R10",0,96,1,1
"50","18_Vector_Empty_2",18,"Vector","Empty",3,2,100,"R10",0,24,1,100
"51","18_Vector_Empty_2",18,"Vector","Empty",3,2,1000,"R10",0,24,1,1000
"52","18_Vector_Empty_2",18,"Vector","Empty",3,2,10000,"R10",1,48,1,10000
"53","18_Vector_Empty_9",18,"Vector","Empty",4,9,1,"R10",0,96,1.01954544782327,0.980829253011726
"54","18_Vector_Empty_9",18,"Vector","Empty",4,9,100,"R10",0,24,1.01954544782327,98.0829253011726
"55","18_Vector_Empty_9",18,"Vector","Empty",4,9,1000,"R10",0,24,1.01954544782327,980.829253011726
"56","18_Vector_Empty_9",18,"Vector","Empty",4,9,10000,"R10",20,48,1.01954544782327,9808.29253011726
"57","19_P210_Fusion_2",19,"P210","Fusion",3,2,1,"R10",61,96,1,1
"58","19_P210_Fusion_2",19,"P210","Fusion",3,2,100,"R10",24,24,1,100
"59","19_P210_Fusion_2",19,"P210","Fusion",3,2,1000,"R10",24,24,1,1000
"60","19_P210_Fusion_9",19,"P210","Fusion",4,9,1,"R10",55,96,1,1
"61","19_P210_Fusion_9",19,"P210","Fusion",4,9,100,"R10",24,24,1,100
"62","19_P210_Fusion_9",19,"P210","Fusion",4,9,1000,"R10",24,24,1,1000
"63","19_P210_Fusion_9",19,"P210","Fusion",4,9,10000,"R10",48,48,1,10000
"64","2_CSF2RB_R461C_2",2,"CSF2RB","R461C",1,2,100,"R10",0,24,1.5809712810662,63.252255874351
"65","2_CSF2RB_R461C_2",2,"CSF2RB","R461C",1,2,1000,"R10",0,24,1.5809712810662,632.52255874351
"66","2_CSF2RB_R461C_2",2,"CSF2RB","R461C",1,2,10000,"R10",1,45,1.5809712810662,6325.2255874351
"67","2_CSF2RB_R461C_2",2,"CSF2RB","R461C",1,2,1,"R10",0,96,1.5809712810662,0.63252255874351
"68","2_CSF2RB_R461C_9",2,"CSF2RB","R461C",2,9,1,"R10",0,96,1,1
"69","2_CSF2RB_R461C_9",2,"CSF2RB","R461C",2,9,1000,"R10",0,24,1,1000
"70","2_CSF2RB_R461C_9",2,"CSF2RB","R461C",2,9,10000,"R10",7,48,1,10000
"71","2_CSF2RB_R461C_9",2,"CSF2RB","R461C",2,9,100,"R10",0,24,1,100
"72","21_CSF2RB_WT_2",21,"CSF2RB","WT",5,2,1,"R10",0,96,1,1
"73","21_CSF2RB_WT_2",21,"CSF2RB","WT",5,2,100,"R10",0,24,1,100
"74","21_CSF2RB_WT_2",21,"CSF2RB","WT",5,2,1000,"R10",0,24,1,1000
"75","21_CSF2RB_WT_2",21,"CSF2RB","WT",5,2,10000,"R10",3,48,1,10000
"76","21_CSF2RB_WT_9",21,"CSF2RB","WT",6,9,1,"R10",0,96,1,1
"77","21_CSF2RB_WT_9",21,"CSF2RB","WT",6,9,100,"R10",0,24,1,100
"78","21_CSF2RB_WT_9",21,"CSF2RB","WT",6,9,1000,"R10",0,24,1,1000
"79","21_CSF2RB_WT_9",21,"CSF2RB","WT",6,9,10000,"R10",0,48,1,10000
"80","22_CSF2RB_R461C_2",22,"CSF2RB","R461C",5,2,1,"R10",0,96,1,1
"81","22_CSF2RB_R461C_2",22,"CSF2RB","R461C",5,2,100,"R10",0,24,1,100
"82","22_CSF2RB_R461C_2",22,"CSF2RB","R461C",5,2,1000,"R10",1,24,1,1000
"83","22_CSF2RB_R461C_2",22,"CSF2RB","R461C",5,2,10000,"R10",23,48,1,10000
"84","22_CSF2RB_R461C_9",22,"CSF2RB","R461C",6,9,1,"R10",0,96,1,1
"85","22_CSF2RB_R461C_9",22,"CSF2RB","R461C",6,9,100,"R10",0,24,1,100
"86","22_CSF2RB_R461C_9",22,"CSF2RB","R461C",6,9,1000,"R10",1,24,1,1000
"87","22_CSF2RB_R461C_9",22,"CSF2RB","R461C",6,9,10000,"R10",7,48,1,10000
"88","23_CSF3R_WT_2",23,"CSF3R","WT",5,2,1,"R10",1,96,1.24510041194577,0.803148075774274
"89","23_CSF3R_WT_2",23,"CSF3R","WT",5,2,100,"R10",1,24,1.24510041194577,80.3148075774274
"90","23_CSF3R_WT_2",23,"CSF3R","WT",5,2,1000,"R10",18,24,1.24510041194577,803.148075774274
"91","23_CSF3R_WT_2",23,"CSF3R","WT",5,2,10000,"R10",48,48,1.24510041194577,8031.48075774274
"92","23_CSF3R_WT_9",23,"CSF3R","WT",6,9,1,"R10",0,96,1,1
"93","23_CSF3R_WT_9",23,"CSF3R","WT",6,9,100,"R10",0,24,1,100
"94","23_CSF3R_WT_9",23,"CSF3R","WT",6,9,1000,"R10",15,24,1,1000
"95","23_CSF3R_WT_9",23,"CSF3R","WT",6,9,10000,"R10",48,48,1,10000
"96","24_CSF3R_T618I_2",24,"CSF3R","T618I",5,2,1,"R10",55,96,1,1
"97","24_CSF3R_T618I_2",24,"CSF3R","T618I",5,2,100,"R10",24,24,1,100
"98","24_CSF3R_T618I_2",24,"CSF3R","T618I",5,2,1000,"R10",24,24,1,1000
"99","24_CSF3R_T618I_2",24,"CSF3R","T618I",5,2,10000,"R10",48,48,1,10000
"100","24_CSF3R_T618I_9",24,"CSF3R","T618I",6,9,1,"R10",28,96,1.53297775618793,0.65232518603969
"101","24_CSF3R_T618I_9",24,"CSF3R","T618I",6,9,100,"R10",24,24,1.53297775618793,65.232518603969
"102","24_CSF3R_T618I_9",24,"CSF3R","T618I",6,9,1000,"R10",24,24,1.53297775618793,652.32518603969
"103","24_CSF3R_T618I_9",24,"CSF3R","T618I",6,9,10000,"R10",48,48,1.53297775618793,6523.2518603969
"104","25_CSF3R_W791X_2",25,"CSF3R","W791X",5,2,1,"R10",0,96,1,1
"105","25_CSF3R_W791X_2",25,"CSF3R","W791X",5,2,100,"R10",3,24,1,100
"106","25_CSF3R_W791X_2",25,"CSF3R","W791X",5,2,1000,"R10",23,24,1,1000
"107","25_CSF3R_W791X_2",25,"CSF3R","W791X",5,2,10000,"R10",48,48,1,10000
"108","25_CSF3R_W791X_9",25,"CSF3R","W791X",6,9,1,"R10",0,96,1.07902564601285,0.92676203174145
"109","25_CSF3R_W791X_9",25,"CSF3R","W791X",6,9,100,"R10",3,24,1.07902564601285,92.676203174145
"110","25_CSF3R_W791X_9",25,"CSF3R","W791X",6,9,1000,"R10",24,24,1.07902564601285,926.76203174145
"111","25_CSF3R_W791X_9",25,"CSF3R","W791X",6,9,10000,"R10",48,48,1.07902564601285,9267.6203174145
"112","26_IL7R_WT_2",26,"IL7R","WT",5,2,1,"R10",0,96,1.44269504088896,0.693147180559945
"113","26_IL7R_WT_2",26,"IL7R","WT",5,2,100,"R10",0,24,1.44269504088896,69.3147180559945
"114","26_IL7R_WT_2",26,"IL7R","WT",5,2,1000,"R10",0,24,1.44269504088896,693.147180559945
"115","26_IL7R_WT_2",26,"IL7R","WT",5,2,10000,"R10",1,48,1.44269504088896,6931.47180559945
"116","26_IL7R_WT_9",26,"IL7R","WT",6,9,1,"R10",0,96,1.14224524227158,0.8754687373539
"117","26_IL7R_WT_9",26,"IL7R","WT",6,9,100,"R10",0,24,1.14224524227158,87.54687373539
"118","26_IL7R_WT_9",26,"IL7R","WT",6,9,1000,"R10",0,24,1.14224524227158,875.4687373539
"119","26_IL7R_WT_9",26,"IL7R","WT",6,9,10000,"R10",0,48,1.14224524227158,8754.687373539
"120","27_IL7R_243InsPPCL_2",27,"IL7R","243InsPPCL",5,2,1,"R10",5,96,1.20965999656659,0.826678573184468
"121","27_IL7R_243InsPPCL_2",27,"IL7R","243InsPPCL",5,2,100,"R10",24,24,1.20965999656659,82.6678573184468
"122","27_IL7R_243InsPPCL_2",27,"IL7R","243InsPPCL",5,2,1000,"R10",24,24,1.20965999656659,826.678573184468
"123","27_IL7R_243InsPPCL_2",27,"IL7R","243InsPPCL",5,2,10000,"R10",48,48,1.20965999656659,8266.78573184468
"124","27_IL7R_243InsPPCL_9",27,"IL7R","243InsPPCL",6,9,1,"R10",0,96,1.5809712810662,0.63252255874351
"125","27_IL7R_243InsPPCL_9",27,"IL7R","243InsPPCL",6,9,100,"R10",2,24,1.5809712810662,63.252255874351
"126","27_IL7R_243InsPPCL_9",27,"IL7R","243InsPPCL",6,9,1000,"R10",22,24,1.5809712810662,632.52255874351
"127","27_IL7R_243InsPPCL_9",27,"IL7R","243InsPPCL",6,9,10000,"R10",48,48,1.5809712810662,6325.2255874351
"128","28_Vector_Empty_2",28,"Vector","Empty",5,2,1,"R10",0,96,1.68334219698606,0.594056277915714
"129","28_Vector_Empty_2",28,"Vector","Empty",5,2,100,"R10",0,24,1.68334219698606,59.4056277915714
"130","28_Vector_Empty_2",28,"Vector","Empty",5,2,1000,"R10",0,24,1.68334219698606,594.056277915715
"131","28_Vector_Empty_2",28,"Vector","Empty",5,2,10000,"R10",0,48,1.68334219698606,5940.56277915715
"132","28_Vector_Empty_9",28,"Vector","Empty",6,9,1,"R10",0,96,1,1
"133","28_Vector_Empty_9",28,"Vector","Empty",6,9,100,"R10",0,24,1,100
"134","28_Vector_Empty_9",28,"Vector","Empty",6,9,1000,"R10",0,24,1,1000
"135","28_Vector_Empty_9",28,"Vector","Empty",6,9,10000,"R10",0,48,1,10000
"136","29_P210_Fusion_2",29,"P210","Fusion",5,2,1,"R10",23,96,1.53297775618793,0.65232518603969
"137","29_P210_Fusion_2",29,"P210","Fusion",5,2,100,"R10",24,24,1.53297775618793,65.232518603969
"138","29_P210_Fusion_2",29,"P210","Fusion",5,2,1000,"R10",24,24,1.53297775618793,652.32518603969
"139","29_P210_Fusion_9",29,"P210","Fusion",6,9,1,"R10",19,96,3.16603027402821,0.315852949418477
"140","29_P210_Fusion_9",29,"P210","Fusion",6,9,100,"R10",24,24,3.16603027402821,31.5852949418477
"141","29_P210_Fusion_9",29,"P210","Fusion",6,9,1000,"R10",24,24,3.16603027402821,315.852949418477
"142","29_P210_Fusion_9",29,"P210","Fusion",6,9,10000,"R10",48,48,3.16603027402821,3158.52949418477
"143","3_CSF3R_WT_2",3,"CSF3R","WT",1,2,1,"R10",0,96,1,1
"144","3_CSF3R_WT_2",3,"CSF3R","WT",1,2,100,"R10",0,24,1,100
"145","3_CSF3R_WT_2",3,"CSF3R","WT",1,2,1000,"R10",1,24,1,1000
"146","3_CSF3R_WT_2",3,"CSF3R","WT",1,2,10000,"R10",31,46,1,10000
"147","3_CSF3R_WT_9",3,"CSF3R","WT",2,9,1,"R10",0,96,1,1
"148","3_CSF3R_WT_9",3,"CSF3R","WT",2,9,1000,"R10",8,24,1,1000
"149","3_CSF3R_WT_9",3,"CSF3R","WT",2,9,10000,"R10",48,48,1,10000
"150","3_CSF3R_WT_9",3,"CSF3R","WT",2,9,100,"R10",0,24,1,100
"151","4_CSF3R_T618I_2",4,"CSF3R","T618I",1,2,1,"R10",13,96,1.31980846115956,0.757685701697516
"152","4_CSF3R_T618I_2",4,"CSF3R","T618I",1,2,100,"R10",21,24,1.31980846115956,75.7685701697517
"153","4_CSF3R_T618I_2",4,"CSF3R","T618I",1,2,1000,"R10",24,24,1.31980846115956,757.685701697516
"154","4_CSF3R_T618I_9",4,"CSF3R","T618I",2,9,1,"R10",29,96,1.79528376938817,0.557015006235365
"155","4_CSF3R_T618I_9",4,"CSF3R","T618I",2,9,100,"R10",24,24,1.79528376938817,55.7015006235365
"156","4_CSF3R_T618I_9",4,"CSF3R","T618I",2,9,1000,"R10",24,24,1.79528376938817,557.015006235365
"157","4_CSF3R_T618I_9",4,"CSF3R","T618I",2,9,10000,"R10",48,48,1.79528376938817,5570.15006235365
"158","5_CSF3R_W791X_2",5,"CSF3R","W791X",1,2,10000,"R10",47,48,1,10000
"159","5_CSF3R_W791X_2",5,"CSF3R","W791X",1,2,1,"R10",0,96,1,1
"160","5_CSF3R_W791X_2",5,"CSF3R","W791X",1,2,100,"R10",0,24,1,100
"161","5_CSF3R_W791X_2",5,"CSF3R","W791X",1,2,1000,"R10",0,24,1,1000
"162","5_CSF3R_W791X_9",5,"CSF3R","W791X",2,9,100,"R10",4,24,1.14224524227158,87.54687373539
"163","5_CSF3R_W791X_9",5,"CSF3R","W791X",2,9,1000,"R10",22,24,1.14224524227158,875.4687373539
"164","5_CSF3R_W791X_9",5,"CSF3R","W791X",2,9,10000,"R10",48,48,1.14224524227158,8754.687373539
"165","5_CSF3R_W791X_9",5,"CSF3R","W791X",2,9,1,"R10",0,96,1.14224524227158,0.8754687373539
"166","6_IL7R_WT_2",6,"IL7R","WT",1,2,1,"R10",0,96,1,1
"167","6_IL7R_WT_2",6,"IL7R","WT",1,2,1000,"R10",0,24,1,1000
"168","6_IL7R_WT_2",6,"IL7R","WT",1,2,10000,"R10",0,47,1,10000
"169","6_IL7R_WT_2",6,"IL7R","WT",1,2,100,"R10",0,24,1,100
"170","6_IL7R_WT_9",6,"IL7R","WT",2,9,1,"R10",0,96,1,1
"171","6_IL7R_WT_9",6,"IL7R","WT",2,9,100,"R10",0,24,1,100
"172","6_IL7R_WT_9",6,"IL7R","WT",2,9,1000,"R10",0,24,1,1000
"173","6_IL7R_WT_9",6,"IL7R","WT",2,9,10000,"R10",0,48,1,10000
"174","7_IL7R_243InsPPCL_2",7,"IL7R","243InsPPCL",1,2,1,"R10",0,96,1,1
"175","7_IL7R_243InsPPCL_2",7,"IL7R","243InsPPCL",1,2,1000,"R10",0,24,1,1000
"176","7_IL7R_243InsPPCL_2",7,"IL7R","243InsPPCL",1,2,10000,"R10",47,48,1,10000
"177","7_IL7R_243InsPPCL_2",7,"IL7R","243InsPPCL",1,2,100,"R10",0,24,1,100
"178","7_IL7R_243InsPPCL_9",7,"IL7R","243InsPPCL",2,9,1,"R10",0,96,1,1
"179","7_IL7R_243InsPPCL_9",7,"IL7R","243InsPPCL",2,9,100,"R10",0,24,1,100
"180","7_IL7R_243InsPPCL_9",7,"IL7R","243InsPPCL",2,9,10000,"R10",36,48,1,10000
"181","7_IL7R_243InsPPCL_9",7,"IL7R","243InsPPCL",2,9,1000,"R10",1,24,1,1000
"182","8_Vector_Empty_2",8,"Vector","Empty",1,2,1,"R10",0,96,1.11014091537586,0.90078654533819
"183","8_Vector_Empty_2",8,"Vector","Empty",1,2,100,"R10",0,24,1.11014091537586,90.078654533819
"184","8_Vector_Empty_2",8,"Vector","Empty",1,2,1000,"R10",0,24,1.11014091537586,900.78654533819
"185","8_Vector_Empty_2",8,"Vector","Empty",1,2,10000,"R10",0,48,1.11014091537586,9007.8654533819
"186","8_Vector_Empty_9",8,"Vector","Empty",2,9,1,"R10",0,96,1,1
"187","8_Vector_Empty_9",8,"Vector","Empty",2,9,100,"R10",0,24,1,100
"188","8_Vector_Empty_9",8,"Vector","Empty",2,9,10000,"R10",0,48,1,10000
"189","8_Vector_Empty_9",8,"Vector","Empty",2,9,1000,"R10",0,24,1,1000
"190","9_P210_Fusion_2",9,"P210","Fusion",1,2,1,"R10",27,96,1.40016686396066,0.714200589757778
"191","9_P210_Fusion_2",9,"P210","Fusion",1,2,100,"R10",24,24,1.40016686396066,71.4200589757778
"192","9_P210_Fusion_2",9,"P210","Fusion",1,2,1000,"R10",24,24,1.40016686396066,714.200589757778
"193","9_P210_Fusion_9",9,"P210","Fusion",2,9,100,"R10",24,24,1.11014091537586,90.078654533819
"194","9_P210_Fusion_9",9,"P210","Fusion",2,9,1000,"R10",24,24,1.11014091537586,900.78654533819
"195","9_P210_Fusion_9",9,"P210","Fusion",2,9,10000,"R10",48,48,1.11014091537586,9007.8654533819
"196","9_P210_Fusion_9",9,"P210","Fusion",2,9,1,"R10",46,96,1.11014091537586,0.90078654533819
